id;topic;name_user_send;email;content;status;code;creaded_day
1;monitor Station Web;Rufiyaa AI capacitor;"UD:v;@~.5S<";Frozen Handmade Fresh Keyboard;true;Baby;2020-06-17T19:53:19
2;New Israeli Sheqel;Overpass;"d@O.o";Hat Buckinghamshire;true;Fresh next generation;2020-06-17T11:01:49
3;invoice internet solution Lesotho;Louisiana;"+,UV@Zv.3%iL?";optical Refined Euro;false;Wooden Soft;2020-06-17T19:31:38
4;Guatemala e-enable;Credit Card Account Bedfordshire;"a@[.>,7";Gorgeous Concrete Chicken National Handmade Cotton Tuna;false;syndicate enhance Soft;2020-06-18T00:38:44
5;support plum;Practical Awesome;"6F@*e.MX,7";platforms Florida feed;true;Divide;2020-06-17T16:04:03
6;Borders;Data wireless;"O#(G@A.0j]*";impactful;false;Cambridgeshire;2020-06-17T05:23:50
7;Mall sky blue Expanded;Central;">OTw.8@OZMA~5.W,&P%e";Investment Account Dale;false;California next-generation;2020-06-17T21:02:30
8;Locks;transform high-level;",4+X@`Qq.0!|W";Small Wooden Computer Chicken;false;compress framework;2020-06-17T14:19:43
9;Valleys context-sensitive Generic;HTTP Exclusive Home Loan Account;"0sa@X3L&%N.\T";Administrator withdrawal Keyboard;false;CSS Oklahoma;2020-06-17T22:57:13
10;override Representative;payment Bedfordshire;")8`>;U@p.s!4t";Dynamic Principal Liberia;false;ROI;2020-06-17T08:54:34
