id;name;content;locked;code
1;hack JBOD Frozen;Small Steel Towels superstructure;false;calculating Gorgeous leverage
2;actuating Sports;Specialist real-time Shores;false;Communications
3;Practical Wooden Ball Unbranded Wooden Shoes;Face to face multimedia;false;Georgia Auto Loan Account
4;Program Handcrafted Metal Car Pizza;Money Market Account;true;Sports Fish Ball
5;aggregate back-end;concept;true;Sports Spring markets
6;harness;Borders architect copying;true;Architect Tuna Integration
7;Awesome Plastic Mouse Dynamic;Vietnam;false;calculate
8;Reduced solid state tan;Maine Trace;true;Israel whiteboard
9;SMS;task-force;false;Nakfa harness bi-directional
10;world-class;neural Generic Directives;false;project panel COM
