id;full_name;first_name;last_name;initials;comment;mobile;user_id
1;mission-critical;Ludwig;Bruen;reboot Games Arizona;South Carolina;24220;1
2;Ball bandwidth Wyoming;Benedict;Weber;withdrawal Shoes Sausages;withdrawal index;42621;2
3;Tasty Toys Profound;Lafayette;Mraz;Flat;Michigan customized Kids;87550;3
4;Chief secondary;Sonya;Balistreri;paradigms payment synergize;index Designer connecting;63362;4
5;benchmark;Annie;Legros;Auto Loan Account Turkmenistan;Automotive Programmable Money Market Account;9920;5
6;Frozen;Kristofer;Morar;Optimization Concrete;e-services withdrawal;9268;6
7;schemas;Bernardo;Zieme;Handmade Metal Salad deliver;JBOD Home Loan Account maximized;8211;7
8;Rustic withdrawal yellow;Alexzander;King;Fantastic Rubber Tuna;silver Interactions SAS;54430;8
9;Cross-group;Elena;Lemke;digital synthesizing;Handmade Intelligent;43729;9
10;Functionality reintermediate;Cecilia;Schumm;Home Loan Account;Incredible array Auto Loan Account;33277;10
